{
    "accuracy": 0.920125,
    "precision": 0.921726041144004,
    "recall": 0.918270432391902,
    "f1": 0.9199949918617754,
    "loss": 0.21659770182287322
}