{
    "accuracy": 0.900375,
    "precision": 0.8965346534653466,
    "recall": 0.9052736815796051,
    "f1": 0.9008829747543838,
    "loss": 0.2526810727417469
}